Сыграно,Исполнитель,Название песни,Категория,,Коммент,Илья,,Андрей,,iL'Ja,,Тоня,,Маша,Лена,Доп. музыканты,,Статистика,
FALSE,Idles,Crawl!,🧪,,да ,🎸,,🪕,🎤,🪘,,,🪇,,,,,Сыграно всего,0
FALSE,Jane Air,Junk,🧪,new,да ,🪕,,,🎤,🪘,,,,,,Андрюха на гитаре 😻😻,,По говну 💩,0
FALSE,TequilajaZZZ,Кроме звёзд,🧪,new,да ,🪕,,🪘,,,,,,,,"Андрюха на гитаре 😻😻, Саша - вокал",,Какие-то песни 🎶,0
FALSE,Акустика sex’a,Строчки на выдох,🧪,,да ,,,🎸,,,,,,,,"Андрюха на гитаре 😻😻, Саша - вокал",,Андерграунд 🧪,0
FALSE,Дайте Танк (!),Слова-Паразиты,🧪,new,да ,🪕,🎤,🪘,🎤,🎸,🎤,🎹,🎤,,,,,,
FALSE,Пионерлагерь Пыльная Радуга,Очки,🧪,new,да ,🪕,,,🎤,🪘,,,,,,,,,
FALSE,Агата Кристи,Как На Войне,💩,,да ,🪕,,🎸,🎤,🪘,,🎹,,,,,,,
FALSE,Бабкин,Забери,💩,,да ,🪕,,🎸,🎤,,,,,🎹,,,,Илья,0
FALSE,Би-2,Варвара,💩,,да ,🪕,,🎸,🎤,🪘,,🎹,,,,,,Андрей,0
FALSE,Би-2,Мой рок-н-ролл,💩,,да ,🪕,,🎸,🎤,🪘,,,,🎤,,,,Маша,0
FALSE,Валентин Стрыкало,Наше Лето,💩,,да ,🎸,🎤,🪘,,,,🎹,,,,,,Тоня,0
FALSE,Гречка,Люби меня люби,💩,,да ,🪕,,🪘,,🎸,🎤,,,,,,,iL'Ja,0
FALSE,Земфира,П. М. М. Л.,💩,,да ,🎸,🎤,🪘,,🎸,,,🎤,🎹,,,,,
FALSE,Иван Дорн,Стыцамэн,💩,,да ,🪘,,🎸,🎤,🪘,,🎹,,🎻,,,,,
FALSE,Король и Шут,Ведьма и Осел,💩,,да ,🪕,,🪘,,🎸,,,🎤,🎻,,,,,
FALSE,Король и Шут,Ели Мясо Мужики,💩,,да ,🪕,,🪘,,🎸,🎤,,,,,,,,
FALSE,Король и Шут,Камнем по голове,💩,,да ,🎸,🎤,🪘,,🎸,,,,,,,,,
FALSE,Король и Шут,Кукла Колдуна,💩,,да ,🎸,🎤,🪘,,🪕,,,,🎻,,,,,
FALSE,Король и Шут,Лесник,💩,,да ,🎸,🎤,🪘,,🪕,🎤,🎹,,,,,,,
FALSE,Король и Шут,Проклятый старый дом,💩,,да ,🎸,🎤,🪘,,🪕,,🪇,,🎹,,,,,
FALSE,Король и Шут,Прыгну со скалы,💩,,да ,🎸,🎤,🪘,,🎸,,,,🎻,,,,,
FALSE,Король и Шут,Ром,💩,,да ,🪕,,🪘,,🎸,🎤,🎹,,🎻,,,,,
FALSE,Ляпис Трубецкой,Капитал,💩,,да ,🎸,🎤,🪘,🎤,🪕,,🎹,,,,,,,
FALSE,Максим,Знаешь ли ты,💩,,да ,,,🪘,,🎸,🎤,🎹,,,,,,,
FALSE,Многоточие,Щемит в душе тоска,💩,,да ,,🎤,🪕,,🎸,,🎹,,,,Артур - битбокс,,,
FALSE,Порнофильмы,Это Пройдёт,💩,,да ,🎸,🎤,🪘,,🪕,,,,,,,,,
FALSE,Сплин,Выхода Нет,💩,,да ,🎸,🎤,🪘,🎤,🪕,,🎹,,,,,,,
FALSE,Сплин,Линия Жизни,💩,,да ,🪕,,🪘,,🎸,🎤,,,,,,,,
FALSE,Шура/Nirvana,Ты не верь слезам,💩,,да ,🪕,,🎸,🎤,🪘,,,,🎻,,,,,
FALSE,...И друг мой грузовик,Удобен,🎶,,да ,🪕,,🎸,🎤,🪘,,,🪇,,,,,,
FALSE,5'Nizza,Ты Кидал,🎶,,да ,🎸,,,🎤,,,,,,,,,,
FALSE,Limp Bizkit,Break Stuff,🎶,new,да ,,🎤,🪘,,🪕,,,,,,Андрюха на гитаре 😻😻,,,
FALSE,Дайте Танк (!),Грех,🎶,,да ,,,🎸,🎤,,,🎹,,,,,,,
FALSE,Дайте Танк (!),Утро,🎶,,да ,🪕,,🎸,🎤,🪘,,🎹,,,🪘,,,,
FALSE,Дельфин,Весна,🎶,,да ,🪕,,🎸,🎤,🎸,🎤,🎹,,,🪘,,,,
FALSE,Дельфин,Я люблю людей,🎶,new,да ,🪕,,,🎤,,🎤,🎹,,,,Артур - битбокс,,,
FALSE,Кирпичи,Джедаи,🎶,,да ,🎸,,🪕,,,🎤,🎹,,,,Артур - битбокс,,,
FALSE,Мумий Тролль,Такие девчонки,🎶,,да ,🎸,🎤,🪘,🎤,🪕,,🎹,,,,,,,
FALSE,Король и Шут,Северный флот,💩,,да,🪕,,🪘,,🎸,🎤,,,,,,,,
FALSE,Lumen,Сид и Нэнси,💩,,да,🎸,,🪕,🎤,🪘,,🎹,🪇,🎻,,,,,
FALSE,Pain,Shut your mouth,💩,new,да,🪕,,🪘,,🎸,,🎹,,,,,,,
FALSE,Bloodhound Gang,The Ballad of Chasey Lane,💩,new,да,🪕,,🪘,,,🎤,,,,,,,,
FALSE,Ляпис Трубецкой,Ты кинула,💩,,да,🪕,,🪘,,🎸,🎤,,,,,,,,
FALSE,Пошлая Молли,Нон-стоп,💩,new,да,🪕,,🪘,,🎸,🎤,🎹,,,,,,,
FALSE,Animal ДжаZ,Чувства,💩,,да,,,🎸,🎤,,,,,,,,,,
FALSE,Найк Борзов,Верхом на звезде,💩,,да,🪕,,🪘,,🎸,🎤,🎹,,,,,,,
FALSE,Король и Шут,Дагон,🎶,,да,🪕,,🪘,,🎸,🎤,🎹,,,,,,,
FALSE,Порнофильмы,Русский Христос,🎶,new,да,🎸,🎤,🪘,,🪕,,,,,,,,,
FALSE,Дельфин,Серебро,🎶,,,🪕,,🪘,,🎸,🎤,,,,,,,,
FALSE,Мумий Тролль,Дельфины,🎶,,,🎸,,🪘,,,,,,,,,,,
FALSE,Валентин Стрыкало,Альбина,🎶,,да,🪕,,🪘,,🎸,🎤,,,,,,,,
FALSE,Би-2,Серебро,💩,,,🎸,🎤,🪘,,,,🎹,,,,,,,
FALSE,Город 312,Вне зоны доступа,🎶,,да,🪕,,🎸,🎤,🪘,,🎹,,🎤,,,,,
FALSE,МашнинБэнд,Голова,🧪,,,🪕,,🎸,,🪘,,,,,,,,,
FALSE,Noize MC,Обломки чувств,🎶,,,,,🎤,,,,,,,,Саша - вокал,,,
FALSE,Альянс,На заре,🎶,,,🪕,,🎸,🎤,🪘,,🎹,,🎤,,,,,
FALSE,Король и Шут,Мёртвый анархист,💩,new,возможно,🪕,,🪘,,🎸,,,,,,,,,
FALSE,The Cranberries,Zombie,💩,,возможно,🎸,🎤,🪘,,,,,,🎤,,,,,
FALSE,Король и Шут,Тяни,🎶,,возможно,🪕,,🪘,,🎸,,🎤,,🎻,,,,,
FALSE,...И друг мой грузовик,Ищу друга,🧪,, ,,,🎸,,,,,,,,,,,
FALSE,Бумбокс,Та4то,🎶,,,,,🎸,🎤,,,,,🎤,,,,,
FALSE,Anacondaz,Сядь мне на лицо,🎶,,,🎸,,🪘,,,,,,,,,,,
FALSE,Заточка,Автозак,🎶,,,🎸,,🎤,,,,,,,,,,,
FALSE,Найк Борзов,Одна Она,🎶,,,🪕,,🎸,,,,,,,,,,,
FALSE,Сплин,Моё сердце,💩,,,🎸,,🪘,,,,🎹,,,,,,,
FALSE,Karmamaret,Небольшие перемены,🧪,,,🪕,,🎸,🎤,🪘,,,,,,,,,
FALSE,Дайте Танк (!),Маленький,🧪,,,,,🎸,,,,,,,,,,,
FALSE,5'Nizza,Весна,🎶,,,,,🎸,,,,,,🎤,,,,,
FALSE,Hi-Fi,Средняя школа 7,🎶,,,,,,,,,🎹,,,,,,,
FALSE,Nirvana,Heart-Shaped Box,🎶,,,🎸,,,,,,,,,,,,,
FALSE,Noize MC,Вояджер-1,🎶,,,🎸,🎤,🪘,,,,🎹,,,,,,,
FALSE,Noize MC,Не все дома,🎶,,,,,,,,,,,🎻,,,,,
FALSE,Quest Pistols,Ты так красива,🎶,,,,,🪘,,🎸,,,,,,,,,
FALSE,Tom Odell,Another Love,🎶,,,,,🪘,,🎸,🎤,🎹,,,,,,,
FALSE,Zoloto,Heпроизошло,🎶,,,,,,,,,,,🎤,,,,,
FALSE,Агата Кристи,Моряк,🎶,,,,,🪘,,,,,,,,,,,
FALSE,Агата Кристи,Сказочная тайга,🎶,,,,,🪘,,,,,,,,,,,
FALSE,Алла Пугачёва,Позови меня с собой,🎶,,,🪕,,🪘,,,,🎤,,🎹,,,,,
FALSE,Браво,Этот город,🎶,,,🎸,,,,,,,,,,,,,
FALSE,Браво ,"Любите, девушки",🎶,,,,,🪘,,🎸,🎤,,,,,,,,
FALSE,Валентин Стрыкало,Всё решено,🎶,,,🎸,,,,,,,,,,,,,
FALSE,Валентин Стрыкало,Плачу и дрочу,🎶,,,🪕,,🪘,,🎸,🎤,,,,,,,,
FALSE,Валентин Стрыкало,Рустем,🎶,,,🎸,🎤,🪘,,🪕,,🎹,,,,,,,
FALSE,Валентин Стрыкало,Я бью женщин и детей,🎶,,,🎸,,,,,,,,,,,,,
FALSE,Дельфин,Дверь,🎶,,,🪕,,🎸,,🪘,,,,,,,,,
FALSE,Женя Милковский,Видела ли ты свои волосы,🎶,,,,,🎸,,,,,,,,,,,
FALSE,Жуки,Танкист,🎶,,,,,🪘,,,,,,,,,,,
FALSE,Земфира,Collette,🎶,,,,,,,,,,,🎤,,,,,
FALSE,Земфира,Крым,🎶,,,,,,,,,,,🎤,,,,,
FALSE,Земфира,Почему,🎶,,,,,🪘,,,,🎹,,🎤,,,,,
FALSE,Кино,Красно-жёлтые дни,🎶,,,🎸,,🪘,,,,,,,,,,,
FALSE,Кино,Спокойная Ночь,🎶,,,🎸,,🪘,,,,,,,,,,,
FALSE,Король и Шут,Забытые ботинки,🎶,,,🎸,,🎤,,🎸,,🎹,,🎻,,,,,
FALSE,Король и Шут,Мастер приглашает в гости,🎶,,,🪕,,🪘,,🎸,,🎹,,🎻,,,,,
FALSE,Король и Шут,На Краю,🎶,,,🪕,,🪘,,🎸,,,,,,,,,
FALSE,Король и Шут,Невеста палача,🎶,,,🪕,,🪘,,🎸,,,,,,,,,
FALSE,Король и Шут,Садовник,🎶,,,🪕,,🪘,,🎸,,,,,,,,,
FALSE,Монеточка,Нимфоманка,🎶,,,,,🎸,,,,,,,,,,,
FALSE,Мумий Тролль,Медведица,🎶,,,,,🪘,,,,,,,,,,,
FALSE,Мумий Тролль,Утекай,🎶,,,🎸,,,,,,,,,,,,,
FALSE,Мы,Возможно,🎶,,,,,🎸,,,,,,,,,,,
FALSE,Океан Эльзи,"Там, де нас нема",🎶,,,,,🎸,,,,,,,,,,,
FALSE,Порнофильмы,Прости Прощай Привет,🎶,,,🎸,,🪘,,,,,,,,,,,
FALSE,Танцы Минус,Цветы,🎶,,,🪕,,🪘,,,,,,,,,,,
FALSE,Ундервуд,Гагарин,🎶,,,🪕,,🎸,,,,🎹,,,,,,,
FALSE,Чайф,Аргентина-Ямайка,🎶,,,,,,,,,,,,,,,,
FALSE,Шарлот ,Щека на щеку,🎶,,,,,🪘,,🎸,,,,,,,,,
FALSE,5'Nizza,Я солдат,💩,,,,,🎸,,,,,,,,,,,
FALSE,Linkin Park,Numb,💩,,,🎸,,🪘,,,,,,,,,,,
FALSE,Lumen,Гореть,💩,,,🎸,,,,,,,,,,,,,
FALSE,Mister Credo,В белом танце,💩,,,🪕,,🪘,,🎸,,,,🎤,,,,,
FALSE,N/A,Прости нас Юра,💩,,,,,,,,,,,,,,,,
FALSE,Noize MC,Из окна,💩,,,🎸,,🎤,,,,🎹,,,,,,,
FALSE,Бумбокс,Вахтерам,💩,,,🪕,,🪘,,🎸,,🎤,,,,,,,
FALSE,Валерий Меладзе,Девушка из высшего общества,💩,,,🪕,,🪘,,🎸,,🎹,,🎤,,,,,
FALSE,Валерий Меладзе,Красиво,💩,,,🎤,,🪘,,🎸,,🎹,,,,,,,
FALSE,Валерий Меладзе,Океан и Три Реки,💩,,,🎸,,,,,,🎹,,,,,,,
FALSE,Валерий Меладзе,Текила-Любовь,💩,,,🪕,,🪘,,🎸,,🎹,,🎻,,,,,
FALSE,Жуки,Батарейка,💩,,,🎸,,🪘,,,,🎹,,,,,,,
FALSE,Катя Чехова,В твоих глазах,💩,,,,,,,,,,,,,,,,
FALSE,Кино,Видели ночь,💩,,,🎸,🎤,🪘,,,,🎹,,,,,,,
FALSE,Кино,Группа Крови,💩,,,🎸,,,,,,,,,,,,,
FALSE,Кино,Кукушка,💩,,,🎸,,🪘,,,,🎹,,,,,,,
FALSE,Кино,Мама Анархия,💩,,,🎸,,🪘,,,,,,,,,,,
FALSE,Король и Шут,Внезапная голова,💩,,,🪕,,🎸,,🎸,,,,,🪘,,,,
FALSE,Король и Шут,Два вора и монета,💩,,,🎤,,🎸,,🎤,,,,,,,,,
FALSE,Король и Шут,Два друга и разбойники,💩,,,🪕,,🪘,,🎸,,🎹,,,,,,,
FALSE,Король и Шут,Медведь,💩,,,,,,,🎤,,,,🎹,,,,,
FALSE,Леприконсы,Хали-Гали,💩,,,,,🪘,,,,,,,,,,,
FALSE,Ляпис Трубецкой,Ау,💩,,,🎸,,,,,,,,,,,,,
FALSE,Ляпис Трубецкой,В платье белом,💩,,,🎸,,🪘,,,,,,,,,,,
FALSE,Ляпис Трубецкой,Евпатория,💩,,,🎸,,🪘,,,,,,,,,,,
FALSE,Макс Корж,Жить в кайф,💩,,,,,,,,,,,,,,,,
FALSE,Монеточка,Девяностые,💩,,,,,,,,,,,,,,,,
FALSE,Монеточка,Каждый раз,💩,,,🪕,,🪘,,,,🎹,,,🎤,,,,
FALSE,Мумий Тролль,Владивосток 2000,💩,,,,,🪘,,,,,,,,,,,
FALSE,Найк Борзов,Лошадка,💩,,,🎸,,🪘,,,,🎹,,,,,,,
FALSE,Порнофильмы,Я Так Соскучился,💩,,,🎸,,🪘,,,,,,🎤,,,,,
FALSE,Руки Вверх,Он тебя целует,💩,,,🎸,,🪘,,,,🎹,,,,,,,
FALSE,Танцы Минус,Город,💩,,,🎸,,🪘,,,,🎹,,,,,,,
FALSE,Танцы Минус,Половинка,💩,,,,,🪘,,🎸,,,,🎻,,,,,
FALSE,Чиж,О любви,💩,,,,,,,🎸,,🎹,,🎻,,,,,
FALSE,4 Позиции Бруно,Главное Хотеть,🧪,,,🪕,,🎸,🎤,🪘,,,,,,,,,
FALSE,5'Nizza,Натяни,🧪,,,,,🎸,,,,,,,,,,,
FALSE,5'Nizza,Немає Куль,🧪,,,,,🎸,,,,,,,,,,,
FALSE,7раса,Куклы Становятся Старше,🧪,,,🪕,,🎸,🎤,,,,,,,,,,
FALSE,Anacondaz,Бесит,🧪,,,🪕,,🎸,,,,,,,,,,,
FALSE,Anacondaz,Два вопроса,🧪,,,,,🎸,,,,,,,,,,,
FALSE,Anacondaz,Не курю,🧪,,,🪕,,🎤,,🎸,,🎹,,,,,,,
FALSE,Brazzaville,Clouds in Camarillo,🧪,,,🪕,,🎤,🪇,🎸,,🎹,,,,,,,
FALSE,F.P.G.,Думай,🧪,,,,,🎸,,,,,,,,,,,
FALSE,Flёur,Тёплые коты,🧪,,,,,🎸,,,,,,,,,,,
FALSE,Green Grey,MF,🧪,,,🪕,,🎸,🎤,🪘,,,,,,,,,
FALSE,J:Морс,Web-дизайн,🧪,,,,,🎸,,,,,,,,,,,
FALSE,OQJAV,Толстый котик,🧪,,,,,🎸,,,,,,,,,,,
FALSE,RSAC,Настоящие чувства,🧪,,,,,,,,,,,,,,,,
FALSE,RSAC,Поезда,🧪,,,,,,,,,,,,,,,,
FALSE,Skafandr,Наблюдатель,🧪,,,,,🎸,,,,,,,,,,,
FALSE,Wheatus,Teenage Dirtbag,🧪,,,🎸,,,,,,,,,,,,,
FALSE,Агонь,Бомба,🧪,,,🪕,,🎤,,🎸,,🎹,,,,,,,
FALSE,Алёна Швец,Мемы,🧪,,,,,🎸,,,,,,,,,,,
FALSE,Алёна Швец,Первое свидание,🧪,,,🪕,,🎸,🎤,🪘,,,,,,,,,
FALSE,АлоэВера,Мальчики,🧪,,,,,🎸,,,,,,,,,,,
FALSE,Аффинаж,Герой моих детских грёз,🧪,,,,,🎸,,,,,,,,,,,
FALSE,Аффинаж,Не танцуй,🧪,,,,,🎸,,,,,,,,,,,
FALSE,Аффинаж,Неправда,🧪,,,,,🎸,,,,,,,,,,,
FALSE,Аффинаж,Нью-Йорк,🧪,,,🪕,,🎸,🎤,,,,,,,,,,
FALSE,Валентин Стрыкало,Знаешь Таня,🧪,,,🎸,,,,,,,,,,,,,
FALSE,Веня Д'Ркин,Завтра была война,🧪,,,,,🎸,,,,,,,,,,,
FALSE,Дайте Танк (!),Ария лося,🧪,,,,,🎸,,,,,,,,,,,
FALSE,Дайте Танк (!),Люди,🧪,,,,,🎸,,,,,,,,,,,
FALSE,Дайте Танк (!),Я,🧪,,,,,🎤,,,,🎹,,,,,,,
FALSE,Заточка,Человечек,🧪,,,,,🎸,,,,,,,,,,,
FALSE,Константин Ступин,Пушистый Хвост Лисицы,🧪,,,🎸,,,,,,,,,,,,,
FALSE,Краденое Солнце,С Новым Годом,🧪,,,,,🎸,,,,,,,,,,,
FALSE,Крематорий,Маленькая девочка,🧪,,,,,🎸,,,,,,,,,,,
FALSE,Ляпис Трубецкой,Ласточки (Мужчины не плачут),🧪,,,,,🎸,,,,,,,,,,,
FALSE,Монеточка,Америка,🧪,,,,,🎸,,,,,,,,,,,
FALSE,Ногу Свело!,Голый клоун,🧪,,,,,🎸,,,,,,,,,,,
FALSE,Психея,Пустая голова,🧪,,,🎸,,🪘,,,,,,,,,,,
FALSE,Сергей Бабкин,Пробач,🧪,,,,,,,,,,,🎹,,,,,
FALSE,Сплин,Письмо,🧪,,,🎸,,,,,,,,,,,,,
FALSE,Ундервуд,Товары и услуги,🧪,,,,,🎸,,,,,,,,,,,
